{
  "figures": {
    "fig1": "/Users/jawaun/.cursor/worktrees/Research_Derived_Experiments/v3ni/papers/commitment_surface/figures/fig1_e1_selectors.png",
    "fig2": "/Users/jawaun/.cursor/worktrees/Research_Derived_Experiments/v3ni/papers/commitment_surface/figures/fig2_e2_arms_ood.png",
    "fig3": "/Users/jawaun/.cursor/worktrees/Research_Derived_Experiments/v3ni/papers/commitment_surface/figures/fig3_e3_readout_vs_patch.png",
    "fig4": "/Users/jawaun/.cursor/worktrees/Research_Derived_Experiments/v3ni/papers/commitment_surface/figures/fig4_e4_pythia_arms.png",
    "fig5": "/Users/jawaun/.cursor/worktrees/Research_Derived_Experiments/v3ni/papers/commitment_surface/figures/fig5_frame_taxonomy.png"
  },
  "headline": {
    "e1": {
      "n_cells": 96,
      "gap_wellspec_vs_unweighted": 0.2441858867326534,
      "gap_misspec_vs_unweighted": -0.054159416947479166,
      "wellspec_mean": 0.8143000114047891,
      "unweighted_mean": 0.5701141246721357,
      "misspec_mean": 0.5159547077246566,
      "loss_mean": 0.309555243422021
    },
    "e2": {
      "gap_B_minus_A_ood": 0.9931464404971512,
      "gap_B_minus_A_patch_ce": 0.7584403179439337,
      "gap_B_minus_C_patch_ce": 0.020990539493073744,
      "rho_weakness_ood": 0.6268363077710688,
      "rho_patch_ce_ood": 0.8088003779872894,
      "per_arm_ood": {
        "A": {
          "mean": 0.0,
          "ci95_low": 0.0,
          "ci95_high": 0.0,
          "n": 9
        },
        "B": {
          "mean": 0.9931464404971512,
          "ci95_low": 0.9833872218246049,
          "ci95_high": 1.0029056591696974,
          "n": 54
        },
        "C": {
          "mean": 0.1671809888686295,
          "ci95_low": 0.1505233756989456,
          "ci95_high": 0.1838386020383134,
          "n": 54
        },
        "D": {
          "mean": 0.0,
          "ci95_low": 0.0,
          "ci95_high": 0.0,
          "n": 9
        }
      }
    },
    "e3": {
      "rho_weakness_ood_all": 0.6268363077710688,
      "rho_patch_ce_ood_all": 0.8088003779872894,
      "n_cells": 216
    },
    "e4": {
      "n_cells": 108,
      "gap_B_minus_A_ood": 0.7696007696007696,
      "gap_B_minus_A_patch_ce": 5.603918414999025,
      "gap_B_minus_C_patch_ce": 3.4169041026496365,
      "rho_weakness_ood_all_cells": 0.28968757135618867,
      "rho_patch_ce_ood_all_cells": 0.8534077560782499,
      "e4_new_frame_pass": false,
      "e4_old_frame_pass": false,
      "per_arm": {
        "A": {
          "n": 27,
          "ood_mean": 0.11276789054566833,
          "ood_max": 1.0,
          "patch_ce_delta_mean": -0.7420555454559208,
          "weakness_mean": 0.09460001020103322
        },
        "B": {
          "n": 27,
          "ood_mean": 0.8823686601464379,
          "ood_max": 1.0,
          "patch_ce_delta_mean": 4.861862869543104,
          "weakness_mean": 0.30468300289272154
        },
        "C": {
          "n": 27,
          "ood_mean": 0.07134840468173802,
          "ood_max": 0.2222222222222222,
          "patch_ce_delta_mean": 1.4449587668934671,
          "weakness_mean": 0.05974162240146895
        },
        "D": {
          "n": 27,
          "ood_mean": 0.11276789054566833,
          "ood_max": 1.0,
          "patch_ce_delta_mean": -0.7420555454559208,
          "weakness_mean": 0.09460001020103322
        }
      },
      "source": "artifacts/commitment_surface/e4_pythia_lora_v2.json"
    }
  }
}