{
  "allowed_claim": "Across a wider held-out finite Suite C seed panel, the teacher-free reward/CEM policy preserves the original C1-C6 and T1/N1 pass while matched-random, stale, wrong, and suppressed-signal controls remain separated.",
  "base_seed": 20260706,
  "bootstrap_ci95": {
    "final_mae_gain_vs_matched_random": {
      "ci95_high": 0.3819868864626081,
      "ci95_low": 0.3228763397172178,
      "mean": 0.3520478498631339
    },
    "learned_final_component_mae": {
      "ci95_high": 0.09635025109171137,
      "ci95_low": 0.0945361761030019,
      "mean": 0.09546642487238735
    },
    "learned_first_selectivity_ratio": {
      "ci95_high": 12.5,
      "ci95_low": 12.5,
      "mean": 12.5
    },
    "learned_recovery_rate": {
      "ci95_high": 1.0,
      "ci95_low": 1.0,
      "mean": 1.0
    },
    "learned_second_reopen_ratio": {
      "ci95_high": 11.90625,
      "ci95_low": 10.2734375,
      "mean": 11.179796875
    },
    "learned_total_probes": {
      "ci95_high": 22.0,
      "ci95_low": 21.953125,
      "mean": 21.98478125
    },
    "matched_random_selectivity_ratio": {
      "ci95_high": 1.5243945312499998,
      "ci95_low": 0.9035742187499999,
      "mean": 1.2108091145833333
    },
    "selectivity_lift_vs_matched_random": {
      "ci95_high": 11.59642578125,
      "ci95_low": 10.97560546875,
      "mean": 11.28919088541667
    },
    "stale_signal_recovery_rate": {
      "ci95_high": 0.0,
      "ci95_low": 0.0,
      "mean": 0.0
    },
    "suite_pass_rate": {
      "ci95_high": 1.0,
      "ci95_low": 1.0,
      "mean": 1.0
    },
    "suppressed_signal_final_component_mae": {
      "ci95_high": 0.4761290670737149,
      "ci95_low": 0.4607771331053296,
      "mean": 0.4687030283720685
    },
    "wrong_signal_selectivity_ratio": {
      "ci95_high": 0.0,
      "ci95_low": 0.0,
      "mean": 0.0
    }
  },
  "bootstrap_reps": 1000,
  "calibration_seeds": [
    20341706,
    20342703,
    20343700,
    20344697,
    20345694,
    20346691,
    20347688,
    20348685
  ],
  "eval_seed_count": 64,
  "eval_seeds": [
    20411706,
    20412703,
    20413700,
    20414697,
    20415694,
    20416691,
    20417688,
    20418685,
    20419682,
    20420679,
    20421676,
    20422673,
    20423670,
    20424667,
    20425664,
    20426661,
    20427658,
    20428655,
    20429652,
    20430649,
    20431646,
    20432643,
    20433640,
    20434637,
    20435634,
    20436631,
    20437628,
    20438625,
    20439622,
    20440619,
    20441616,
    20442613,
    20443610,
    20444607,
    20445604,
    20446601,
    20447598,
    20448595,
    20449592,
    20450589,
    20451586,
    20452583,
    20453580,
    20454577,
    20455574,
    20456571,
    20457568,
    20458565,
    20459562,
    20460559,
    20461556,
    20462553,
    20463550,
    20464547,
    20465544,
    20466541,
    20467538,
    20468535,
    20469532,
    20470529,
    20471526,
    20472523,
    20473520,
    20474517
  ],
  "non_claims": [
    "Not an open-agent or API-agent result.",
    "Not biological or human validation.",
    "Not a production reliability certificate.",
    "Not a consciousness test."
  ],
  "point_metrics": {
    "final_mae_gain_vs_matched_random": 0.35273802556464806,
    "learned_final_component_mae": 0.09545786974997214,
    "learned_first_selectivity_ratio": 12.5,
    "learned_recovery_rate": 1.0,
    "learned_second_reopen_ratio": 11.1640625,
    "learned_total_probes": 21.984375,
    "matched_random_selectivity_ratio": 1.2080729166666666,
    "selectivity_lift_vs_matched_random": 11.291927083333334,
    "stale_signal_recovery_rate": 0.0,
    "suite_pass_rate": 1.0,
    "suppressed_signal_final_component_mae": 0.4686444235949553,
    "wrong_signal_selectivity_ratio": 0.0
  },
  "run_id": "suite_c_teacher_free_wide_stats_2026_07_06",
  "summary": {
    "by_condition": [
      {
        "affected_post_shift_density": 0.013020833333333332,
        "condition": "p22_learned_current_replay",
        "cost_adjusted_score": 0.3162708333333333,
        "final_component_mae": 1.3161735826341232,
        "first_reengagement_ratio": 0.22265625,
        "first_selectivity_ratio": 0.6510416666666665,
        "mae_drop_fraction": 0.018327276964622392,
        "n": 64,
        "no_false_calm_rate": 0.828125,
        "post1_mae_auc": 0.8283353905221852,
        "post2_mae_auc": 1.3591442147239023,
        "probe_drop_fraction": 0.1484375,
        "recovery_rate": 0.0,
        "reengagement_rate": 0.203125,
        "reopen_rate": 0.21875,
        "second_reopen_ratio": 0.48828124999999994,
        "surprise_drop_fraction": 0.021437386606695984,
        "terminal_pass_rate": 0.0,
        "total_probes": 8.171875,
        "unaffected_post_shift_density": 0.0
      },
      {
        "affected_post_shift_density": 0.3333333333333333,
        "condition": "scheduled_null_anchor",
        "cost_adjusted_score": 1.0779853340608965,
        "final_component_mae": 0.04601466593910357,
        "first_reengagement_ratio": 1.0,
        "first_selectivity_ratio": 1.0,
        "mae_drop_fraction": 0.868603847252057,
        "n": 64,
        "no_false_calm_rate": 1.0,
        "post1_mae_auc": 0.2500208201299389,
        "post2_mae_auc": 0.25300593997513526,
        "probe_drop_fraction": 0.062499999999999944,
        "recovery_rate": 1.0,
        "reengagement_rate": 0.0,
        "reopen_rate": 1.0,
        "second_reopen_ratio": 1.0,
        "surprise_drop_fraction": 0.8494739401607172,
        "terminal_pass_rate": 0.0,
        "total_probes": 144.0,
        "unaffected_post_shift_density": 0.3333333333333333
      },
      {
        "affected_post_shift_density": 0.662109375,
        "condition": "oracle_source",
        "cost_adjusted_score": 2.6614623480769874,
        "final_component_mae": 0.04620431858967952,
        "first_reengagement_ratio": 9.76264880952381,
        "first_selectivity_ratio": 12.448958333333334,
        "mae_drop_fraction": 0.8280493929421613,
        "n": 64,
        "no_false_calm_rate": 1.0,
        "post1_mae_auc": 0.17298094318925133,
        "post2_mae_auc": 0.16472500599845133,
        "probe_drop_fraction": 0.8769243777056277,
        "recovery_rate": 1.0,
        "reengagement_rate": 1.0,
        "reopen_rate": 1.0,
        "second_reopen_ratio": 16.824218749999996,
        "surprise_drop_fraction": 0.8836731797141972,
        "terminal_pass_rate": 0.0,
        "total_probes": 70.53125,
        "unaffected_post_shift_density": 0.0712890625
      },
      {
        "affected_post_shift_density": 0.25,
        "condition": "teacher_free_reward_policy",
        "cost_adjusted_score": 2.816604630250028,
        "final_component_mae": 0.09545786974997214,
        "first_reengagement_ratio": 3.046875,
        "first_selectivity_ratio": 12.5,
        "mae_drop_fraction": 0.6040494561672075,
        "n": 64,
        "no_false_calm_rate": 1.0,
        "post1_mae_auc": 0.18386323572276259,
        "post2_mae_auc": 0.18822806527217367,
        "probe_drop_fraction": 0.813671875,
        "recovery_rate": 1.0,
        "reengagement_rate": 1.0,
        "reopen_rate": 1.0,
        "second_reopen_ratio": 11.1640625,
        "surprise_drop_fraction": 0.7230011243950167,
        "terminal_pass_rate": 0.0,
        "total_probes": 21.984375,
        "unaffected_post_shift_density": 0.0
      },
      {
        "affected_post_shift_density": 0.014322916666666664,
        "condition": "teacher_free_stale_signal",
        "cost_adjusted_score": 1.1583993179286654,
        "final_component_mae": 0.41314234873800126,
        "first_reengagement_ratio": 0.1796875,
        "first_selectivity_ratio": 0.7161458333333331,
        "mae_drop_fraction": 0.4630019581685503,
        "n": 64,
        "no_false_calm_rate": 1.0,
        "post1_mae_auc": 0.5835019168310736,
        "post2_mae_auc": 0.7539521407527813,
        "probe_drop_fraction": 0.0,
        "recovery_rate": 0.0,
        "reengagement_rate": 0.3125,
        "reopen_rate": 0.421875,