{
  "arm_summaries": [
    {
      "arm": "T_commit",
      "false_reopen_rate": {
        "ci95_high": 0.0,
        "ci95_low": 0.0,
        "point": 0.0
      },
      "final_mae": {
        "ci95_high": 0.11328169119752883,
        "ci95_low": 0.11024852440903105,
        "point": 0.1116963700768425
      },
      "latency": {
        "ci95_high": 0.0,
        "ci95_low": 0.0,
        "point": 0.0
      },
      "probe_cost": {
        "ci95_high": 27.625,
        "ci95_low": 26.625,
        "point": 27.125
      },
      "reopen_ratio": {
        "ci95_high": 16.666666666666664,
        "ci95_low": 16.666666666666664,
        "point": 16.666666666666664
      },
      "selectivity": {
        "ci95_high": 4.0,
        "ci95_low": 3.5,
        "point": 3.8
      },
      "terminal_pass_rate": {
        "ci95_high": 1.0,
        "ci95_low": 1.0,
        "point": 1.0
      }
    },
    {
      "arm": "T_util",
      "false_reopen_rate": {
        "ci95_high": 0.6666666666666666,
        "ci95_low": 0.6354166666666666,
        "point": 0.65625
      },
      "final_mae": {
        "ci95_high": 0.41140009773553304,
        "ci95_low": 0.15257573911247865,
        "point": 0.25703681916383847
      },
      "latency": {
        "ci95_high": 12.0,
        "ci95_low": 1.0,
        "point": 1.0
      },
      "probe_cost": {
        "ci95_high": 27.625,
        "ci95_low": 26.625,
        "point": 27.125
      },
      "reopen_ratio": {
        "ci95_high": 12.5,
        "ci95_low": 4.6875,
        "point": 9.375
      },
      "selectivity": {
        "ci95_high": 4.0,
        "ci95_low": 3.5,
        "point": 3.8
      },
      "terminal_pass_rate": {
        "ci95_high": 0.0,
        "ci95_low": 0.0,
        "point": 0.0
      }
    },
    {
      "arm": "T_norm",
      "false_reopen_rate": {
        "ci95_high": 0.0,
        "ci95_low": 0.0,
        "point": 0.0
      },
      "final_mae": {
        "ci95_high": 0.5680037614221078,
        "ci95_low": 0.5401446290069883,
        "point": 0.552677308746908
      },
      "latency": {
        "ci95_high": 12.0,
        "ci95_low": 12.0,
        "point": 12.0
      },
      "probe_cost": {
        "ci95_high": 27.625,
        "ci95_low": 26.625,
        "point": 27.125
      },
      "reopen_ratio": {
        "ci95_high": 0.0,
        "ci95_low": 0.0,
        "point": 0.0
      },
      "selectivity": {
        "ci95_high": 4.0,
        "ci95_low": 3.5,
        "point": 3.8
      },
      "terminal_pass_rate": {
        "ci95_high": 0.0,
        "ci95_low": 0.0,
        "point": 0.0
      }
    },
    {
      "arm": "T_periodic",
      "false_reopen_rate": {
        "ci95_high": 0.6666666666666666,
        "ci95_low": 0.6666666666666666,
        "point": 0.6666666666666666
      },
      "final_mae": {
        "ci95_high": 0.11435477648923024,
        "ci95_low": 0.11170676377467353,
        "point": 0.11300481427000228
      },
      "latency": {
        "ci95_high": 0.0,
        "ci95_low": 0.0,
        "point": 0.0
      },
      "probe_cost": {
        "ci95_high": 27.625,
        "ci95_low": 26.625,
        "point": 27.125
      },
      "reopen_ratio": {
        "ci95_high": 16.666666666666664,
        "ci95_low": 16.666666666666664,
        "point": 16.666666666666664
      },
      "selectivity": {
        "ci95_high": 4.0,
        "ci95_low": 3.5,
        "point": 3.8
      },
      "terminal_pass_rate": {
        "ci95_high": 1.0,
        "ci95_low": 1.0,
        "point": 1.0
      }
    },
    {
      "arm": "T_none",
      "false_reopen_rate": {
        "ci95_high": 0.0,
        "ci95_low": 0.0,
        "point": 0.0
      },
      "final_mae": {
        "ci95_high": 0.5712615063680011,
        "ci95_low": 0.5455098261043121,
        "point": 0.5585781107264993
      },
      "latency": {
        "ci95_high": 12.0,
        "ci95_low": 12.0,
        "point": 12.0
      },
      "probe_cost": {
        "ci95_high": 27.625,
        "ci95_low": 26.625,
        "point": 27.125
      },
      "reopen_ratio": {
        "ci95_high": 0.0,
        "ci95_low": 0.0,
        "point": 0.0
      },
      "selectivity": {
        "ci95_high": 4.0,
        "ci95_low": 3.5,
        "point": 3.8
      },
      "terminal_pass_rate": {
        "ci95_high": 0.0,
        "ci95_low": 0.0,
        "point": 0.0
      }
    }
  ],
  "arms": [
    "T_commit",
    "T_util",
    "T_norm",
    "T_periodic",
    "T_none"
  ],
  "calibration": {
    "kind": "m5_suite_c_trigger_calibration",
    "max_scores": {
      "T_norm": 3.690618751503418,
      "T_util": 17.354255196499498
    },
    "norm_medians": [
      0.16827199894389155,
      0.14641468947966987,
      0.16628676011780996,
      0.13337825154254845,
      0.1348125508633118,
      0.13641534038341346
    ],
    "norm_scales": [
      0.01736078331866432,
      0.012419370363202372,
      0.014501740597921729,
      0.010872194095393136,
      0.011134091126949228,
      0.013972995237701919
    ],
    "receipt_sha256": "741efa930978a0de622b4fbea4deed82e250535b0b0b37ecaf3f9043136d992b",
    "seeds": [
      20260709,
      20261712,
      20262715,
      20263718,
      20264721,
      20265724,
      20266727,
      20267730
    ],
    "source": "m4_full_on_reference_pre_first_shift",
    "source_condition": "burst_then_refractory__allocate_0_cool_0_reopen_1",
    "source_revision": "9e5e218a2efbcd726d0d9555d34c2292e886f72a",
    "thresholds": {
      "T_norm": 3.6906187515034183,
      "T_util": 17.3542551964995
    },
    "utility_scale": 0.0320439394807567,
    "window": [
      12,
      23
    ]
  },
  "claim_level": "failed diagnostic gate; trigger superiority remains a hypothesis",
  "gates": {
    "F0_integrity": {
      "calibration_receipt_valid": true,
      "complete_grid": true,
      "coupled_random_schedule": true,
      "deterministic_replay": true,
      "frozen_config": true,
      "frozen_seed_grid": true,
      "integrity_manifest_valid": true,
      "matched_actual_probes": true,
      "pass": true,
      "transported_controls": {
        "fixed_surprise_no_false_calm_rate": 0.0,
        "fixed_surprise_rejected": true,
        "headline_condition": "burst_then_refractory",
        "headline_selectivity_ratio": 17.1875,
        "matched_less_selective": true,
        "matched_per_seed_budget_exact": true,
        "matched_selectivity_ratio": 0.7708333333333333,
        "reference_suite_pass": true
      },
      "transported_controls_pass": true
    },
    "F1_commit_8_of_8": {
      "pass": true,
      "passes": 8,
      "required": 8
    },
    "F2_latency_dominance": {
      "contrasts": {
        "T_norm": {
          "median_internal_minus_commit": 12.0,
          "paired_deltas": [
            12,
            12,
            12,
            12,
            12,
            12,
            12,
            12
          ],
          "pass": true
        },
        "T_periodic": {
          "median_internal_minus_commit": 0.0,
          "paired_deltas": [
            0,
            0,
            0,
            0,
            0,
            0,
            0,
            0
          ],
          "pass": false
        },
        "T_util": {
          "median_internal_minus_commit": 1.0,
          "paired_deltas": [
            1,
            1,
            12,
            12,
            1,
            1,
            1,
            1
          ],
          "pass": true
        }
      },
      "pass": false
    },
    "F3_specificity": {
      "contrasts": {
        "T_norm": {
          "commit": 0.0,
          "internal": 0.0,
          "internal_minus_commit": 0.0,
          "pass": false
        },
        "T_periodic": {
          "commit": 0.0,
          "internal": 0.6666666666666666,
          "internal_minus_commit": 0.6666666666666666,
          "pass": true
        },
        "T_util": {
          "commit": 0.0,
          "internal": 0.65625,
          "internal_minus_commit": 0.65625,
          "pass": true
        }
      },